<html lang="en">

<head>
    <title></title>
    <meta name="viewport"
        content="width=device-width,height=device-height,initial-scale=1.0,minimum-scale=1.0,maximum-scale=1.0,user-scalable=no">
</head>

<body>
    <div id="MAX_Element" style="position: fixed; top: 0px; bottom: 0px; right: 0px; left: 0px;"><img src="https://mercury-im-stg.jio.com/delivery/lg.php?b=4814&c=160292&asi=54392&cb=82e0c02e1f&os=2&mn=iPhone&ifa=F84C7034-23AF-4F48-B116-2BFC1D94D428&dt=1&br=Apple&av=1&vr=A-IO-1.2.0&at=1&a=75957&li=&bi=&mi=&ro=&ag=&trq=[trq]&bz=[bz]&ccb=[ccb]" style="display:none">
        <script src="http://49.40.64.244:6080/dev.layerJs.js"></script>
        <img id="port" data-click = '["https:\/\/mercury-ck-stg.jio.com\/delivery\/ck.php?oaparams=2__b=4814__c=160292__asi=54392__cb=82e0c02e1f__os=2__mn=iPhone__ifa=F84C7034-23AF-4F48-B116-2BFC1D94D428__dt=1__br=Apple__av=1__vr=A-IO-1.2.0__at=1__a=75957__li=__bi=__mi=__ro=__ag=__trq=[trq]__bz=[bz]__ccb=[ccb]__trackonly=1__oadest=https%3A%2F%2Fwww.jiocinema.com%2F"]' data-deeplink = 'jioondemand://a?id=fa94f1f076a811eaaec7219e31501c14&type=0&appMode=JC&referrer=utm_source%253DJioAdsNative%2526utm_campaign%253DLAKDisplayAdsd;S.browser_fallback_url=https://www.jio.com;end' onClick="clik_tracker(this);return false;"><img id="land" data-click = '["https:\/\/mercury-ck-stg.jio.com\/delivery\/ck.php?oaparams=2__b=4814__c=160292__asi=54392__cb=82e0c02e1f__os=2__mn=iPhone__ifa=F84C7034-23AF-4F48-B116-2BFC1D94D428__dt=1__br=Apple__av=1__vr=A-IO-1.2.0__at=1__a=75957__li=__bi=__mi=__ro=__ag=__trq=[trq]__bz=[bz]__ccb=[ccb]__trackonly=1__oadest=https%3A%2F%2Fwww.jiocinema.com%2F"]' data-deeplink = 'jioondemand://a?id=fa94f1f076a811eaaec7219e31501c14&type=0&appMode=JC&referrer=utm_source%253DJioAdsNative%2526utm_campaign%253DLAKDisplayAdsd;S.browser_fallback_url=https://www.jio.com;end' onClick="clik_tracker(this);return false;">
        <script type="text/javascript">
            var paramsArray = {"dt":"1","closeButton":"f","width":"414","height":"736"};var v, d, t;var output = {"a":{"dt":1,"url":"https:\/\/mercury.akamaized.net\/jioMercury\/stg\/i\/669171026c2a84a7ec4387b3b1a8d8f1_160292_0.jpg","resolution":"320x480"}};MAX_simplepop(output, paramsArray, v, d, t);
        </script>
    </div>
</body>

</html>
