<?xml version="1.0" encoding="UTF-8"?>
<VAST version="3.0">
    <Ad id="11144">        <Wrapper>            <AdSystem><![CDATA[JioAds]]></AdSystem>
                <VASTAdTagURI>
                    <![CDATA[https://pubads.g.doubleclick.net/gampad/ads?env=vp&gdfp_req=1&impl=s&output=vast&iu=/423477888/Jio_LiveTV/Sony_BBC_Earth_HD_Jio_LiveTV&sz=640x480&unviewed_position_start=1&url=http://www.sonyliv.com&correlator=0123456789&pmnd=0&pmxd=61000&pmad=1&pod=1&vpos=midroll&mridx=1&scor=17&ad_rule=0&rdid=<actual rdid here>&idtype=adid&is_lat=0&pp=jio_test]]>
                                </VASTAdTagURI>
                <Error>
                    <![CDATA[http://49.40.64.244:6080/er.php?b=11830&c=2642&cb=29196bb7c1&asi=11144&ec=[ERRORCODE]&br=Apple&ifa=C6B0B3E9-E80A-40EB-A816-D8242BF69F6A&dt=1&mn=iPhone&vr=A-IO-1.0.7&av=1&os=2&at=1&a=10782&li=&bi=&mi=&ro=&ag=&trq=1614672203436&bz=&ccb=2AA47B08CC6B]]>
                                    </Error>
                <Impression id="primaryAdServer">
                    <![CDATA[http://49.40.64.244:6080/lg.php?b=11830&c=2642&asi=11144&oxfb=1&cb=29196bb7c1&br=Apple&ifa=C6B0B3E9-E80A-40EB-A816-D8242BF69F6A&dt=1&mn=iPhone&vr=A-IO-1.0.7&av=1&os=2&at=1&a=10782&li=&bi=&mi=&ro=&ag=&trq=1614672203436&bz=&ccb=2AA47B08CC6B&seq=[seq]]]>
                                </Impression>
                <Impression>
                    <![CDATA[https://jiomeetpro.jio.com/home]]>
                                        </Impression>
                <Impression>
                    <![CDATA[https://jiomeetpro.jio.com/home]]>
                                        </Impression>
                <Creatives>
        <Creative sequence="1" id="11830">
            <Linear skipoffset="0%">
                <TrackingEvents>
                    <Tracking event="start">
                        <![CDATA[http://49.40.64.244:6080/ve.php?b=11830&c=2642&cb=29196bb7c1&asi=11144&event=start&br=Apple&ifa=C6B0B3E9-E80A-40EB-A816-D8242BF69F6A&dt=1&mn=iPhone&vr=A-IO-1.0.7&av=1&os=2&at=1&a=10782&li=&bi=&mi=&ro=&ag=&trq=1614672203436&bz=&ccb=2AA47B08CC6B]]>
                    </Tracking>
                    <Tracking event="midpoint">
                        <![CDATA[http://49.40.64.244:6080/ve.php?b=11830&c=2642&cb=29196bb7c1&asi=11144&event=midpoint&br=Apple&ifa=C6B0B3E9-E80A-40EB-A816-D8242BF69F6A&dt=1&mn=iPhone&vr=A-IO-1.0.7&av=1&os=2&at=1&a=10782&li=&bi=&mi=&ro=&ag=&trq=1614672203436&bz=&ccb=2AA47B08CC6B]]>
                    </Tracking>
                    <Tracking event="firstQuartile">
                        <![CDATA[http://49.40.64.244:6080/ve.php?b=11830&c=2642&cb=29196bb7c1&asi=11144&event=firstquartile&br=Apple&ifa=C6B0B3E9-E80A-40EB-A816-D8242BF69F6A&dt=1&mn=iPhone&vr=A-IO-1.0.7&av=1&os=2&at=1&a=10782&li=&bi=&mi=&ro=&ag=&trq=1614672203436&bz=&ccb=2AA47B08CC6B]]>
                    </Tracking>
                    <Tracking event="thirdQuartile">
                        <![CDATA[http://49.40.64.244:6080/ve.php?b=11830&c=2642&cb=29196bb7c1&asi=11144&event=thirdquartile&br=Apple&ifa=C6B0B3E9-E80A-40EB-A816-D8242BF69F6A&dt=1&mn=iPhone&vr=A-IO-1.0.7&av=1&os=2&at=1&a=10782&li=&bi=&mi=&ro=&ag=&trq=1614672203436&bz=&ccb=2AA47B08CC6B]]>
                    </Tracking>
                    <Tracking event="complete">
                        <![CDATA[http://49.40.64.244:6080/ve.php?b=11830&c=2642&cb=29196bb7c1&asi=11144&event=complete&br=Apple&ifa=C6B0B3E9-E80A-40EB-A816-D8242BF69F6A&dt=1&mn=iPhone&vr=A-IO-1.0.7&av=1&os=2&at=1&a=10782&li=&bi=&mi=&ro=&ag=&trq=1614672203436&bz=&ccb=2AA47B08CC6B]]>
                    </Tracking>
                    <Tracking event="mute">
                        <![CDATA[http://49.40.64.244:6080/ve.php?b=11830&c=2642&cb=29196bb7c1&asi=11144&event=mute&br=Apple&ifa=C6B0B3E9-E80A-40EB-A816-D8242BF69F6A&dt=1&mn=iPhone&vr=A-IO-1.0.7&av=1&os=2&at=1&a=10782&li=&bi=&mi=&ro=&ag=&trq=1614672203436&bz=&ccb=2AA47B08CC6B]]>
                    </Tracking>
                    <Tracking event="pause">
                        <![CDATA[http://49.40.64.244:6080/ve.php?b=11830&c=2642&cb=29196bb7c1&asi=11144&event=pause&br=Apple&ifa=C6B0B3E9-E80A-40EB-A816-D8242BF69F6A&dt=1&mn=iPhone&vr=A-IO-1.0.7&av=1&os=2&at=1&a=10782&li=&bi=&mi=&ro=&ag=&trq=1614672203436&bz=&ccb=2AA47B08CC6B]]>
                    </Tracking>
                    <Tracking event="replay">
                        <![CDATA[http://49.40.64.244:6080/ve.php?b=11830&c=2642&cb=29196bb7c1&asi=11144&event=replay&br=Apple&ifa=C6B0B3E9-E80A-40EB-A816-D8242BF69F6A&dt=1&mn=iPhone&vr=A-IO-1.0.7&av=1&os=2&at=1&a=10782&li=&bi=&mi=&ro=&ag=&trq=1614672203436&bz=&ccb=2AA47B08CC6B]]>
                    </Tracking>
                    <Tracking event="fullscreen">
                        <![CDATA[http://49.40.64.244:6080/ve.php?b=11830&c=2642&cb=29196bb7c1&asi=11144&event=fullscreen&br=Apple&ifa=C6B0B3E9-E80A-40EB-A816-D8242BF69F6A&dt=1&mn=iPhone&vr=A-IO-1.0.7&av=1&os=2&at=1&a=10782&li=&bi=&mi=&ro=&ag=&trq=1614672203436&bz=&ccb=2AA47B08CC6B]]>
                    </Tracking>
                    <Tracking event="stop">
                        <![CDATA[http://49.40.64.244:6080/ve.php?b=11830&c=2642&cb=29196bb7c1&asi=11144&event=stop&br=Apple&ifa=C6B0B3E9-E80A-40EB-A816-D8242BF69F6A&dt=1&mn=iPhone&vr=A-IO-1.0.7&av=1&os=2&at=1&a=10782&li=&bi=&mi=&ro=&ag=&trq=1614672203436&bz=&ccb=2AA47B08CC6B]]>
                    </Tracking>
                    <Tracking event="unmute">
                        <![CDATA[http://49.40.64.244:6080/ve.php?b=11830&c=2642&cb=29196bb7c1&asi=11144&event=unmute&br=Apple&ifa=C6B0B3E9-E80A-40EB-A816-D8242BF69F6A&dt=1&mn=iPhone&vr=A-IO-1.0.7&av=1&os=2&at=1&a=10782&li=&bi=&mi=&ro=&ag=&trq=1614672203436&bz=&ccb=2AA47B08CC6B]]>
                    </Tracking>
                    <Tracking event="resume">
                        <![CDATA[http://49.40.64.244:6080/ve.php?b=11830&c=2642&cb=29196bb7c1&asi=11144&event=resume&br=Apple&ifa=C6B0B3E9-E80A-40EB-A816-D8242BF69F6A&dt=1&mn=iPhone&vr=A-IO-1.0.7&av=1&os=2&at=1&a=10782&li=&bi=&mi=&ro=&ag=&trq=1614672203436&bz=&ccb=2AA47B08CC6B]]>
                    </Tracking>
                    <Tracking event="start">
                                                    <![CDATA[https://jiomeetpro.jio.com/home]]>
                                                </Tracking><Tracking event="start">
                                                    <![CDATA[https://jiomeetpro.jio.com/home]]>
                                                </Tracking><Tracking event="midpoint">
                                                    <![CDATA[https://jiomeetpro.jio.com/home]]>
                                                </Tracking><Tracking event="midpoint">
                                                    <![CDATA[https://jiomeetpro.jio.com/home]]>
                                                </Tracking>
                </TrackingEvents>
                <VideoClicks>
                        <ClickTracking id="JioAds">
                            <![CDATA[http://49.40.64.244:6080/ck.php?oaparams=2__b=11830__c=2642__asi=11144__cb=29196bb7c1__br=Apple__ifa=C6B0B3E9-E80A-40EB-A816-D8242BF69F6A__dt=1__mn=iPhone__vr=A-IO-1.0.7__av=1__os=2__at=1__a=10782__li=__bi=__mi=__ro=__ag=__trq=1614672203436__bz=__ccb=2AA47B08CC6B]]>
                        </ClickTracking><ClickTracking>
                                        <![CDATA[https://jiomeetpro.jio.com/home]]>
                                    </ClickTracking><ClickThrough id="JioAds">
                                <![CDATA[https://jiomeetpro.jio.com/home]]>
                            </ClickThrough></VideoClicks>
            </Linear>
        </Creative>                </Creatives>
<Extensions>
<Extension>
<deeplinkurl>
<![CDATA[jio://com.jio.myjio/dl/dashboard]]></deeplinkurl>
</Extension>
</Extensions>
        </Wrapper>
    </Ad>
</VAST>
